varietal,alcohol,malic_acid,ash,alkalinity,magnesium,total_phenol,flavanoids,nonflav_phenols,proantho,color,hue,OD,proline,id
2,12,3.43,2,19,87,2,1.64,0.37,1.87,1.28,0.93,3.05,564,120
1,13.28,1.64,2.84,15.5,110,2.6,2.68,0.34,1.36,4.6,1.09,2.78,880,37
1,13.76,1.53,2.7,19.5,132,2.95,2.74,0.5,1.35,5.4,1.25,3,1235,34
1,13.05,1.65,2.55,18,98,2.45,2.43,0.29,1.44,4.25,1.12,2.51,1105,38
3,12.45,3.03,2.64,27,97,1.9,0.58,0.63,1.14,7.5,0.67,1.73,880,158
1,13.05,1.77,2.1,17,107,3,3,0.28,2.03,5.04,0.88,3.35,885,45
2,11.96,1.09,2.3,21,101,3.38,2.14,0.13,1.65,3.21,0.99,3.13,886,75
1,14.2,1.76,2.45,15.2,112,3.27,3.39,0.34,1.97,6.75,1.05,2.85,1450,6
1,14.22,1.7,2.3,16.3,118,3.2,3,0.26,2.03,6.38,0.94,3.31,970,57
2,13.11,1.01,1.7,15,78,2.98,3.18,0.26,2.28,5.3,1.12,3.18,502,67
